[
  {
    "week": "2024-W02",
    "period": "Jan 08, 2024",
    "metric": "Revenue",
    "anomalyScore": 8.2,
    "direction": "up",
    "momPercent": 12.5,
    "yoyPercent": 8.3,
    "details": {
      "value": 312000,
      "attribution": {
        "Device": { "Mobile": 15000, "Desktop": 8000, "Tablet": 2000 },
        "Category": { "Home Appliances": 18000, "Kitchen": 7000 },
        "Geography": { "TX": 12000, "CA": 8000, "FL": 5000 }
      }
    }
  },
  {
    "week": "2024-W04",
    "period": "Jan 22, 2024",
    "metric": "Revenue",
    "anomalyScore": -7.8,
    "direction": "down",
    "momPercent": -8.2,
    "yoyPercent": -5.1,
    "details": {
      "value": 245000,
      "attribution": {
        "Device": { "Mobile": -18000, "Desktop": -5000, "Tablet": -2000 },
        "Category": { "Home Appliances": -20000, "Kitchen": -5000 },
        "Geography": { "TX": -15000, "CA": -7000, "NY": -3000 }
      }
    }
  },
  {
    "week": "2024-W06",
    "period": "Feb 05, 2024",
    "metric": "Revenue",
    "anomalyScore": 9.1,
    "direction": "up",
    "momPercent": 15.2,
    "yoyPercent": 11.7,
    "details": {
      "value": 325000,
      "attribution": {
        "Device": { "Mobile": 20000, "Desktop": 12000, "Tablet": 3000 },
        "Category": { "Home Appliances": 25000, "Kitchen": 10000 },
        "Geography": { "CA": 18000, "TX": 12000, "FL": 5000 }
      }
    }
  },
  {
    "week": "2024-W08",
    "period": "Feb 19, 2024",
    "metric": "Cart Rate",
    "anomalyScore": -6.5,
    "direction": "down",
    "momPercent": -6.8,
    "yoyPercent": -3.2,
    "details": {
      "value": 267000,
      "attribution": {
        "Device": { "Mobile": -12000, "Desktop": -8000, "Tablet": -2000 },
        "Category": { "Home Appliances": -15000, "Kitchen": -7000 },
        "Geography": { "NY": -10000, "TX": -8000, "CA": -4000 }
      }
    }
  },
  {
    "week": "2024-W10",
    "period": "Mar 04, 2024",
    "metric": "Revenue",
    "anomalyScore": 8.9,
    "direction": "up",
    "momPercent": 18.3,
    "yoyPercent": 14.2,
    "details": {
      "value": 342000,
      "attribution": {
        "Device": { "Mobile": 25000, "Desktop": 15000, "Tablet": 2000 },
        "Category": { "Home Appliances": 30000, "Kitchen": 12000 },
        "Geography": { "CA": 20000, "TX": 15000, "FL": 7000 }
      }
    }
  }
]