{
  "states": {
    "CA": { "name": "California", "value": -15000, "anomalyScore": -7.2, "direction": "down" },
    "TX": { "name": "Texas", "value": 8000, "anomalyScore": 5.8, "direction": "up" },
    "FL": { "name": "Florida", "value": 12000, "anomalyScore": 8.1, "direction": "up" },
    "NY": { "name": "New York", "value": -5000, "anomalyScore": -3.4, "direction": "down" },
    "IL": { "name": "Illinois", "value": 3000, "anomalyScore": 2.1, "direction": "up" },
    "PA": { "name": "Pennsylvania", "value": -2000, "anomalyScore": -1.8, "direction": "down" },
    "OH": { "name": "Ohio", "value": 6000, "anomalyScore": 4.2, "direction": "up" },
    "GA": { "name": "Georgia", "value": 4000, "anomalyScore": 3.1, "direction": "up" },
    "NC": { "name": "North Carolina", "value": -3000, "anomalyScore": -2.5, "direction": "down" },
    "MI": { "name": "Michigan", "value": 7000, "anomalyScore": 5.2, "direction": "up" }
  }
}