[
  {
    "date": "2024-01-01",
    "revenue": 285000,
    "anomaly": false,
    "direction": null,
    "week": "2024-W01"
  },
  {
    "date": "2024-01-08",
    "revenue": 312000,
    "anomaly": true,
    "direction": "up",
    "week": "2024-W02"
  },
  {
    "date": "2024-01-15",
    "revenue": 278000,
    "anomaly": false,
    "direction": null,
    "week": "2024-W03"
  },
  {
    "date": "2024-01-22",
    "revenue": 245000,
    "anomaly": true,
    "direction": "down",
    "week": "2024-W04"
  },
  {
    "date": "2024-01-29",
    "revenue": 289000,
    "anomaly": false,
    "direction": null,
    "week": "2024-W05"
  },
  {
    "date": "2024-02-05",
    "revenue": 325000,
    "anomaly": true,
    "direction": "up",
    "week": "2024-W06"
  },
  {
    "date": "2024-02-12",
    "revenue": 298000,
    "anomaly": false,
    "direction": null,
    "week": "2024-W07"
  },
  {
    "date": "2024-02-19",
    "revenue": 267000,
    "anomaly": true,
    "direction": "down",
    "week": "2024-W08"
  },
  {
    "date": "2024-02-26",
    "revenue": 315000,
    "anomaly": false,
    "direction": null,
    "week": "2024-W09"
  },
  {
    "date": "2024-03-04",
    "revenue": 342000,
    "anomaly": true,
    "direction": "up",
    "week": "2024-W10"
  },
  {
    "date": "2024-03-11",
    "revenue": 308000,
    "anomaly": false,
    "direction": null,
    "week": "2024-W11"
  },
  {
    "date": "2024-03-18",
    "revenue": 291000,
    "anomaly": false,
    "direction": null,
    "week": "2024-W12"
  }
]